Version,id
29.8.0,865549422
30.3.0,866847750
31.6.0,867110786
31.7.0,869725388
31.8.0,869867275
31.9.0,870019663
32.0.0,870210710
32.2.0,870500837
32.3.0,870667649
32.4.0,870837035
32.5.0,871003345
32.6.0,871169670
32.8.0,871362862
32.9.0,871743547
33.0.0,871996124
33.1.0,872379046
33.2.0,872561597
33.4.0,872928356
33.6.0,873299445
33.7.0,873484528
33.8.0,873663888
34.0.0,873864087
34.1.0,874184075
34.2.0,874357838
34.4.0,874703840
34.5.0,875161093
34.6.0,875315107
34.7.0,875650837
34.8.0,875811223
34.9.0,876001241
35.0.0,876191448
35.1.0,876381287
35.2.0,876573499
35.3.0,876763609
35.4.0,876956752
35.5.0,877181906
35.6.0,877407579
35.8.0,877546239
35.9.0,877934686
36.0.0,878127981
36.1.0,878331047
36.2.0,878526892
36.3.0,879079116
36.4.0,879259957
36.5.0,879451265
36.6.0,879636310
36.7.0,879826715
36.8.0,880033328
36.9.0,880231357
37.0.0,880444140
37.1.0,880679209
37.2.0,880908700
37.3.0,881066598
37.4.0,881412282
37.5.0,881630382
37.6.0,881917995
37.7.0,882076588
37.8.0,882292336
37.9.0,882889676
38.0.0,883162627
38.1.0,883419423
38.2.0,883652135
38.3.0,883910685
38.4.0,884240639
